SnapshotId,Username,DisplayName,Platform,NameColorHex,Position,TimeOnBoardSeconds,LevelPointsEarned,Eliminated
9655ef82-45e9-a12d-8a72-879fcc6a2ce9,Biazeqqe12,Biazeqqe,Twitch,FFFFFFFF,1,17.358223,0,false
9655ef82-45e9-a12d-8a72-879fcc6a2ce9,Xautitqu8,Xautitqu,Twitch,FFFFFFFF,2,17.402672,0,false
9655ef82-45e9-a12d-8a72-879fcc6a2ce9,Duiqebti10,Duiqebti,Twitch,FFFFFFFF,3,17.436007,0,false
9655ef82-45e9-a12d-8a72-879fcc6a2ce9,Geowizbo41,Geowizbo,Twitch,FFFFFFFF,4,17.436007,0,false
9655ef82-45e9-a12d-8a72-879fcc6a2ce9,Qoubawti24,Qoubawti,Twitch,FFFFFFFF,5,17.480455,0,false
9655ef82-45e9-a12d-8a72-879fcc6a2ce9,Boixoxdo15,Boixoxdo,Twitch,FFFFFFFF,6,17.491568,0,false
9655ef82-45e9-a12d-8a72-879fcc6a2ce9,Toutoxge36,Toutoxge,Twitch,FFFFFFFF,7,17.524904,0,false
9655ef82-45e9-a12d-8a72-879fcc6a2ce9,Zaitugba39,Zaitugba,Twitch,FFFFFFFF,8,17.569351,0,false
9655ef82-45e9-a12d-8a72-879fcc6a2ce9,Teoxecbu6,Teoxecbu,Twitch,FFFFFFFF,9,17.580463,0,false
9655ef82-45e9-a12d-8a72-879fcc6a2ce9,Duuteqxa27,Duuteqxa,Twitch,FFFFFFFF,10,17.580463,0,false
9655ef82-45e9-a12d-8a72-879fcc6a2ce9,Cuixodxe2,Cuixodxe,Twitch,FFFFFFFF,11,17.591576,0,false
9655ef82-45e9-a12d-8a72-879fcc6a2ce9,Zuuxiqxi19,Zuuxiqxi,Twitch,FFFFFFFF,12,17.647137,0,false
9655ef82-45e9-a12d-8a72-879fcc6a2ce9,Beuziqcu0,Beuziqcu,Twitch,FFFFFFFF,13,17.658249,0,false
9655ef82-45e9-a12d-8a72-879fcc6a2ce9,Baatogxo14,Baatogxo,Twitch,FFFFFFFF,14,17.669361,0,false
9655ef82-45e9-a12d-8a72-879fcc6a2ce9,Gauqibza42,Gauqibza,Twitch,FFFFFFFF,15,17.680473,0,false
9655ef82-45e9-a12d-8a72-879fcc6a2ce9,Caaceddo3,Caaceddo,Twitch,FFFFFFFF,16,17.691584,0,false
9655ef82-45e9-a12d-8a72-879fcc6a2ce9,Xuibibwa7,Xuibibwa,Twitch,FFFFFFFF,17,17.691584,0,false
9655ef82-45e9-a12d-8a72-879fcc6a2ce9,Woetodti38,Woetodti,Twitch,FFFFFFFF,18,17.736029,0,false
9655ef82-45e9-a12d-8a72-879fcc6a2ce9,Deeqeqwe45,Deeqeqwe,Twitch,FFFFFFFF,19,17.736029,0,false
9655ef82-45e9-a12d-8a72-879fcc6a2ce9,Beogiqca5,Beogiqca,Twitch,FFFFFFFF,20,17.780478,0,false
9655ef82-45e9-a12d-8a72-879fcc6a2ce9,Ceubebge13,Ceubebge,Twitch,FFFFFFFF,21,17.858294,0,false
9655ef82-45e9-a12d-8a72-879fcc6a2ce9,Ziaxigxa20,Ziaxigxa,Twitch,FFFFFFFF,22,17.858294,0,false
9655ef82-45e9-a12d-8a72-879fcc6a2ce9,Boedazxi33,Boedazxi,Twitch,FFFFFFFF,23,17.858294,0,false
9655ef82-45e9-a12d-8a72-879fcc6a2ce9,Wiudiddu23,Wiudiddu,Twitch,FFFFFFFF,24,17.891630,0,false
9655ef82-45e9-a12d-8a72-879fcc6a2ce9,Toobowbu46,Toobowbu,Twitch,FFFFFFFF,25,17.936079,0,false
9655ef82-45e9-a12d-8a72-879fcc6a2ce9,Qoicegbu25,Qoicegbu,Twitch,FFFFFFFF,26,18.013861,0,false
9655ef82-45e9-a12d-8a72-879fcc6a2ce9,Ceocagbi21,Ceocagbi,Twitch,FFFFFFFF,27,18.047197,0,false
9655ef82-45e9-a12d-8a72-879fcc6a2ce9,Duuzubqo31,Duuzubqo,Twitch,FFFFFFFF,28,18.047197,0,false
9655ef82-45e9-a12d-8a72-879fcc6a2ce9,Gaizuzcu37,Gaizuzcu,Twitch,FFFFFFFF,29,18.069422,0,false
9655ef82-45e9-a12d-8a72-879fcc6a2ce9,Qoadexgi30,Qoadexgi,Twitch,FFFFFFFF,30,18.091644,0,false
9655ef82-45e9-a12d-8a72-879fcc6a2ce9,Qaobawxu16,Qaobawxu,Twitch,FFFFFFFF,31,18.136091,0,false
9655ef82-45e9-a12d-8a72-879fcc6a2ce9,Weuwizci29,Weuwizci,Twitch,FFFFFFFF,32,18.158316,0,false
9655ef82-45e9-a12d-8a72-879fcc6a2ce9,Xeadedga9,Xeadedga,Twitch,FFFFFFFF,33,18.169428,0,false
9655ef82-45e9-a12d-8a72-879fcc6a2ce9,Zoagabqa44,Zoagabqa,Twitch,FFFFFFFF,34,18.202763,0,false
9655ef82-45e9-a12d-8a72-879fcc6a2ce9,Qiagoxwo34,Qiagoxwo,Twitch,FFFFFFFF,35,18.202763,0,false
9655ef82-45e9-a12d-8a72-879fcc6a2ce9,Woitutzi35,Woitutzi,Twitch,FFFFFFFF,36,18.280546,0,false
9655ef82-45e9-a12d-8a72-879fcc6a2ce9,Daabotta47,Daabotta,Twitch,FFFFFFFF,37,18.291658,0,false
9655ef82-45e9-a12d-8a72-879fcc6a2ce9,Ciadagdi32,Ciadagdi,Twitch,FFFFFFFF,38,18.313883,0,false
9655ef82-45e9-a12d-8a72-879fcc6a2ce9,Tuawaqqu1,Tuawaqqu,Twitch,FFFFFFFF,39,18.324995,0,false
9655ef82-45e9-a12d-8a72-879fcc6a2ce9,Qaucuqwo48,Qaucuqwo,Twitch,FFFFFFFF,40,18.324995,0,false
9655ef82-45e9-a12d-8a72-879fcc6a2ce9,Weebixwa11,Weebixwa,Twitch,FFFFFFFF,41,18.324995,0,false
9655ef82-45e9-a12d-8a72-879fcc6a2ce9,Caaxodza18,Caaxodza,Twitch,FFFFFFFF,42,18.336107,0,false
9655ef82-45e9-a12d-8a72-879fcc6a2ce9,Toabocga40,Toabocga,Twitch,FFFFFFFF,43,18.369446,0,false
9655ef82-45e9-a12d-8a72-879fcc6a2ce9,Ceabobze49,Ceabobze,Twitch,FFFFFFFF,44,18.402782,0,false
9655ef82-45e9-a12d-8a72-879fcc6a2ce9,Waagazxi28,Waagazxi,Twitch,FFFFFFFF,45,18.402782,0,false
9655ef82-45e9-a12d-8a72-879fcc6a2ce9,Wuuzowto17,Wuuzowto,Twitch,FFFFFFFF,46,18.447231,0,false
9655ef82-45e9-a12d-8a72-879fcc6a2ce9,Taebette22,Taebette,Twitch,FFFFFFFF,47,18.469456,0,false
9655ef82-45e9-a12d-8a72-879fcc6a2ce9,Weabagce26,Weabagce,Twitch,FFFFFFFF,48,18.469456,0,false
9655ef82-45e9-a12d-8a72-879fcc6a2ce9,Ciugugqu4,Ciugugqu,Twitch,FFFFFFFF,49,18.502792,0,false
9655ef82-45e9-a12d-8a72-879fcc6a2ce9,Wautuwqo43,Wautuwqo,Twitch,FFFFFFFF,50,18.502792,0,false
